Workbook

Sheet Vehicles
B1: Tally | C1: =COUNTA(Table1[Name])-6 -> 18
G2: Weighted from Stats, Lower is Better, Does not factor Other Bonuses
B3: Type | C3: Name | D3: AUD Cost | E3: XML Cost | F3: Balance | G3: Upkeep | H3: Visbility | I3: Armour | J3: Water | K3: Speed | L3: Acceleration | M3: immobilizedBy | N3: Offroad Mod | O3: Traffic Mod | P3: T. Seats | Q3: P. Seats | R3: Terrain | S3: Chase Eff | T3: Other Bonuses +%
B4: Medical | C4: AU NSW FJR1300AE | D4: 34930 | E4: =Table1[[#This Row],[AUD Cost]]/1.75 -> 19960 | F4: =(Table1[[#This Row],[XML Cost]]/((Table1[[#This Row],[Speed]]*Weights!$C$2)+(Table1[[#This Row],[Armour]]*Weights!$C$3)+(Table1[[#This Row],[Water]]*Weights!$C$4)+(Table1[[#This Row],[Acceleration]]*Weights!$C$5)+(Table1[[#This Row],[Offroad Mod]]*Weights!$C$6)+(Table1[[#This Row],[T. Seats]]*Weights!$C$8)+(Table1[[#This Row],[P. Seats]]*Weights!$C$9)+(Table1[[#This Row],[Traffic Mod]]*Weights!$C$7))/100) -> 0.40323232 | G4: =Table1[[#This Row],[AUD Cost]]/100 -> 349.3 | H4: 0.6 | I4: 0 | J4: 0 | K4: 180 | L4: 6 | M4: Rain=7,Snow=5 | N4: 0.25 | O4: 0.5 | P4: 2 | Q4: 0 | R4: Road | S4: 0
B5: Police | C5: Stock Police Motobike | D5: 35000 | E5: =Table1[[#This Row],[AUD Cost]]/1.75 -> 20000 | F5: =(Table1[[#This Row],[XML Cost]]/((Table1[[#This Row],[Speed]]*Weights!$C$2)+(Table1[[#This Row],[Armour]]*Weights!$C$3)+(Table1[[#This Row],[Water]]*Weights!$C$4)+(Table1[[#This Row],[Acceleration]]*Weights!$C$5)+(Table1[[#This Row],[Offroad Mod]]*Weights!$C$6)+(Table1[[#This Row],[T. Seats]]*Weights!$C$8)+(Table1[[#This Row],[P. Seats]]*Weights!$C$9)+(Table1[[#This Row],[Traffic Mod]]*Weights!$C$7))/100) -> 0.41237113 | G5: =Table1[[#This Row],[AUD Cost]]/100 -> 350 | H5: 1 | I5: 0 | J5: 0 | K5: 180 | L5: 5 | M5: Rain=7,Snow=5 | N5: 0.25 | O5: 0.5 | P5: 2 | Q5: 0 | R5: Road | S5: 20
B6: Police | C6: AU QLD BMW R1250 RT-P | D6: 38325 | E6: =Table1[[#This Row],[AUD Cost]]/1.75 -> 21900 | F6: =(Table1[[#This Row],[XML Cost]]/((Table1[[#This Row],[Speed]]*Weights!$C$2)+(Table1[[#This Row],[Armour]]*Weights!$C$3)+(Table1[[#This Row],[Water]]*Weights!$C$4)+(Table1[[#This Row],[Acceleration]]*Weights!$C$5)+(Table1[[#This Row],[Offroad Mod]]*Weights!$C$6)+(Table1[[#This Row],[T. Seats]]*Weights!$C$8)+(Table1[[#This Row],[P. Seats]]*Weights!$C$9)+(Table1[[#This Row],[Traffic Mod]]*Weights!$C$7))/100) -> 0.51529412 | G6: =Table1[[#This Row],[AUD Cost]]/100 -> 383.25 | H6: 0.6 | I6: 0 | J6: 0 | K6: 150 | L6: 5 | M6: Rain=7,Snow=5 | N6: 0.25 | O6: 0.5 | P6: 2 | Q6: 0 | R6: Road | S6: 20
B7: Police | C7: AU VIC Holden Commodore Ute | D7: 77875 | E7: =Table1[[#This Row],[AUD Cost]]/1.75 -> 44500 | F7: =(Table1[[#This Row],[XML Cost]]/((Table1[[#This Row],[Speed]]*Weights!$C$2)+(Table1[[#This Row],[Armour]]*Weights!$C$3)+(Table1[[#This Row],[Water]]*Weights!$C$4)+(Table1[[#This Row],[Acceleration]]*Weights!$C$5)+(Table1[[#This Row],[Offroad Mod]]*Weights!$C$6)+(Table1[[#This Row],[T. Seats]]*Weights!$C$8)+(Table1[[#This Row],[P. Seats]]*Weights!$C$9)+(Table1[[#This Row],[Traffic Mod]]*Weights!$C$7))/100) -> 0.80909091 | G7: =Table1[[#This Row],[AUD Cost]]/100 -> 778.75 | H7: 0.8 | I7: 0.1 | J7: 0 | K7: 200 | L7: 6 | M7: None | N7: 0.5 | O7: 0 | P7: 2 | Q7: 0 | R7: Road | S7: 16 | T7: SEARCH=0.25
B8: Police | C8: AU Undercover Honda Civic | D8: 64750 | E8: =Table1[[#This Row],[AUD Cost]]/1.75 -> 37000 | F8: =(Table1[[#This Row],[XML Cost]]/((Table1[[#This Row],[Speed]]*Weights!$C$2)+(Table1[[#This Row],[Armour]]*Weights!$C$3)+(Table1[[#This Row],[Water]]*Weights!$C$4)+(Table1[[#This Row],[Acceleration]]*Weights!$C$5)+(Table1[[#This Row],[Offroad Mod]]*Weights!$C$6)+(Table1[[#This Row],[T. Seats]]*Weights!$C$8)+(Table1[[#This Row],[P. Seats]]*Weights!$C$9)+(Table1[[#This Row],[Traffic Mod]]*Weights!$C$7))/100) -> 0.79913607 | G8: =Table1[[#This Row],[AUD Cost]]/100 -> 647.5 | H8: 0 | I8: 0.05 | J8: 0 | K8: 140 | L8: 6 | M8: None | N8: 0.2 | O8: 0 | P8: 2 | Q8: 1 | R8: Road | S8: 17
B9: Police | C9: Stock Police Car | D9: 87500 | E9: =Table1[[#This Row],[AUD Cost]]/1.75 -> 50000 | F9: =(Table1[[#This Row],[XML Cost]]/((Table1[[#This Row],[Speed]]*Weights!$C$2)+(Table1[[#This Row],[Armour]]*Weights!$C$3)+(Table1[[#This Row],[Water]]*Weights!$C$4)+(Table1[[#This Row],[Acceleration]]*Weights!$C$5)+(Table1[[#This Row],[Offroad Mod]]*Weights!$C$6)+(Table1[[#This Row],[T. Seats]]*Weights!$C$8)+(Table1[[#This Row],[P. Seats]]*Weights!$C$9)+(Table1[[#This Row],[Traffic Mod]]*Weights!$C$7))/100) -> 0.92592593 | G9: =Table1[[#This Row],[AUD Cost]]/100 -> 875 | H9: 1 | I9: 0.2 | J9: 0 | K9: 150 | L9: 5 | M9: None | N9: 0.25 | O9: 0 | P9: 2 | Q9: 2 | R9: Road | S9: 15
B10: Police | C10: AU NSW HWP Ford Falcon | D10: 140000 | E10: =Table1[[#This Row],[AUD Cost]]/1.75 -> 80000 | F10: =(Table1[[#This Row],[XML Cost]]/((Table1[[#This Row],[Speed]]*Weights!$C$2)+(Table1[[#This Row],[Armour]]*Weights!$C$3)+(Table1[[#This Row],[Water]]*Weights!$C$4)+(Table1[[#This Row],[Acceleration]]*Weights!$C$5)+(Table1[[#This Row],[Offroad Mod]]*Weights!$C$6)+(Table1[[#This Row],[T. Seats]]*Weights!$C$8)+(Table1[[#This Row],[P. Seats]]*Weights!$C$9)+(Table1[[#This Row],[Traffic Mod]]*Weights!$C$7))/100) -> 1.0810811 | G10: =Table1[[#This Row],[AUD Cost]]/100 -> 1400 | H10: 0.25 | I10: 0.3 | J10: 0 | K10: 255 | L10: 8 | M10: None | N10: 0.25 | O10: 0 | P10: 2 | Q10: 1 | R10: Road | S10: 18
B11: Police | C11: AU VIC BMW530d HWP | D11: 135800 | E11: =Table1[[#This Row],[AUD Cost]]/1.75 -> 77600 | F11: =(Table1[[#This Row],[XML Cost]]/((Table1[[#This Row],[Speed]]*Weights!$C$2)+(Table1[[#This Row],[Armour]]*Weights!$C$3)+(Table1[[#This Row],[Water]]*Weights!$C$4)+(Table1[[#This Row],[Acceleration]]*Weights!$C$5)+(Table1[[#This Row],[Offroad Mod]]*Weights!$C$6)+(Table1[[#This Row],[T. Seats]]*Weights!$C$8)+(Table1[[#This Row],[P. Seats]]*Weights!$C$9)+(Table1[[#This Row],[Traffic Mod]]*Weights!$C$7))/100) -> 1.0865304 | G11: =Table1[[#This Row],[AUD Cost]]/100 -> 1358 | H11: 0.25 | I11: 0.25 | J11: 0 | K11: 250 | L11: 7 | M11: None | N11: 0.23 | O11: 0 | P11: 2 | Q11: 1 | R11: Road | S11: 18
B12: Medical | C12: AU Mercedes Benz Sprinter | D12: 90125 | E12: =Table1[[#This Row],[AUD Cost]]/1.75 -> 51500 | F12: =(Table1[[#This Row],[XML Cost]]/((Table1[[#This Row],[Speed]]*Weights!$C$2)+(Table1[[#This Row],[Armour]]*Weights!$C$3)+(Table1[[#This Row],[Water]]*Weights!$C$4)+(Table1[[#This Row],[Acceleration]]*Weights!$C$5)+(Table1[[#This Row],[Offroad Mod]]*Weights!$C$6)+(Table1[[#This Row],[T. Seats]]*Weights!$C$8)+(Table1[[#This Row],[P. Seats]]*Weights!$C$9)+(Table1[[#This Row],[Traffic Mod]]*Weights!$C$7))/100) -> 1.1444444 | G12: =Table1[[#This Row],[AUD Cost]]/100 -> 901.25 | H12: 0.8 | I12: 0 | J12: 0 | K12: 120 | L12: 3 | M12: None | N12: 0.25 | O12: 0 | P12: 4 | Q12: 1 | R12: Road | S12: 0 | T12: INJURED=0.5
B13: Police | C13: AU NSW Ford Ranger | D13: 119000 | E13: =Table1[[#This Row],[AUD Cost]]/1.75 -> 68000 | F13: =(Table1[[#This Row],[XML Cost]]/((Table1[[#This Row],[Speed]]*Weights!$C$2)+(Table1[[#This Row],[Armour]]*Weights!$C$3)+(Table1[[#This Row],[Water]]*Weights!$C$4)+(Table1[[#This Row],[Acceleration]]*Weights!$C$5)+(Table1[[#This Row],[Offroad Mod]]*Weights!$C$6)+(Table1[[#This Row],[T. Seats]]*Weights!$C$8)+(Table1[[#This Row],[P. Seats]]*Weights!$C$9)+(Table1[[#This Row],[Traffic Mod]]*Weights!$C$7))/100) -> 1.1525424 | G13: =Table1[[#This Row],[AUD Cost]]/100 -> 1190 | H13: 0.8 | I13: 0.2 | J13: 0 | K13: 140 | L13: 4 | M13: None | N13: 0.75 | O13: 0 | P13: 4 | Q13: 2 | R13: Road | S13: 13 | T13: SEARCH=0.25
B14: Police | C14: AU NSW Ford Hilux | D14: 122500 | E14: =Table1[[#This Row],[AUD Cost]]/1.75 -> 70000 | F14: =(Table1[[#This Row],[XML Cost]]/((Table1[[#This Row],[Speed]]*Weights!$C$2)+(Table1[[#This Row],[Armour]]*Weights!$C$3)+(Table1[[#This Row],[Water]]*Weights!$C$4)+(Table1[[#This Row],[Acceleration]]*Weights!$C$5)+(Table1[[#This Row],[Offroad Mod]]*Weights!$C$6)+(Table1[[#This Row],[T. Seats]]*Weights!$C$8)+(Table1[[#This Row],[P. Seats]]*Weights!$C$9)+(Table1[[#This Row],[Traffic Mod]]*Weights!$C$7))/100) -> 1.1647255 | G14: =Table1[[#This Row],[AUD Cost]]/100 -> 1225 | H14: 0.8 | I14: 0.17 | J14: 0 | K14: 148 | L14: 4 | M14: None | N14: 0.7 | O14: 0 | P14: 4 | Q14: 2 | R14: Road | S14: 13 | T14: SEARCH=0.25
B15: Police | C15: AU VIC Holden Colorado | D15: 119000 | E15: =Table1[[#This Row],[AUD Cost]]/1.75 -> 68000 | F15: =(Table1[[#This Row],[XML Cost]]/((Table1[[#This Row],[Speed]]*Weights!$C$2)+(Table1[[#This Row],[Armour]]*Weights!$C$3)+(Table1[[#This Row],[Water]]*Weights!$C$4)+(Table1[[#This Row],[Acceleration]]*Weights!$C$5)+(Table1[[#This Row],[Offroad Mod]]*Weights!$C$6)+(Table1[[#This Row],[T. Seats]]*Weights!$C$8)+(Table1[[#This Row],[P. Seats]]*Weights!$C$9)+(Table1[[#This Row],[Traffic Mod]]*Weights!$C$7))/100) -> 1.1867365 | G15: =Table1[[#This Row],[AUD Cost]]/100 -> 1190 | H15: 0.8 | I15: 0.25 | J15: 0 | K15: 132 | L15: 4 | M15: None | N15: 0.6 | O15: 0 | P15: 4 | Q15: 2 | R15: Road | S15: 13 | T15: SEARCH=0.25
B16: Medical | C16: Stock Med Van | D16: 87500 | E16: =Table1[[#This Row],[AUD Cost]]/1.75 -> 50000 | F16: =(Table1[[#This Row],[XML Cost]]/((Table1[[#This Row],[Speed]]*Weights!$C$2)+(Table1[[#This Row],[Armour]]*Weights!$C$3)+(Table1[[#This Row],[Water]]*Weights!$C$4)+(Table1[[#This Row],[Acceleration]]*Weights!$C$5)+(Table1[[#This Row],[Offroad Mod]]*Weights!$C$6)+(Table1[[#This Row],[T. Seats]]*Weights!$C$8)+(Table1[[#This Row],[P. Seats]]*Weights!$C$9)+(Table1[[#This Row],[Traffic Mod]]*Weights!$C$7))/100) -> 1.1904762 | G16: =Table1[[#This Row],[AUD Cost]]/100 -> 875 | H16: 1 | I16: 0 | J16: 0 | K16: 100 | L16: 2 | M16: None | N16: 0.25 | O16: 0 | P16: 3 | Q16: 2 | R16: Road | S16: 0 | T16: INJURED=0.5
B17: Fire | C17: Stock Firetruck | D17: 140000 | E17: =Table1[[#This Row],[AUD Cost]]/1.75 -> 80000 | F17: =(Table1[[#This Row],[XML Cost]]/((Table1[[#This Row],[Speed]]*Weights!$C$2)+(Table1[[#This Row],[Armour]]*Weights!$C$3)+(Table1[[#This Row],[Water]]*Weights!$C$4)+(Table1[[#This Row],[Acceleration]]*Weights!$C$5)+(Table1[[#This Row],[Offroad Mod]]*Weights!$C$6)+(Table1[[#This Row],[T. Seats]]*Weights!$C$8)+(Table1[[#This Row],[P. Seats]]*Weights!$C$9)+(Table1[[#This Row],[Traffic Mod]]*Weights!$C$7))/100) -> 1.7241379 | G17: =Table1[[#This Row],[AUD Cost]]/100 -> 1400 | H17: 1 | I17: 0 | J17: 10 | K17: 100 | L17: 2 | M17: None | N17: 0.6 | O17: 0 | P17: 4 | Q17: 0 | R17: Road | S17: 0 | T17: FIRE=0.5
B18: Police | C18: AU NT ToyotaLCGX HWP | D18: 151550 | E18: =Table1[[#This Row],[AUD Cost]]/1.75 -> 86600 | F18: =(Table1[[#This Row],[XML Cost]]/((Table1[[#This Row],[Speed]]*Weights!$C$2)+(Table1[[#This Row],[Armour]]*Weights!$C$3)+(Table1[[#This Row],[Water]]*Weights!$C$4)+(Table1[[#This Row],[Acceleration]]*Weights!$C$5)+(Table1[[#This Row],[Offroad Mod]]*Weights!$C$6)+(Table1[[#This Row],[T. Seats]]*Weights!$C$8)+(Table1[[#This Row],[P. Seats]]*Weights!$C$9)+(Table1[[#This Row],[Traffic Mod]]*Weights!$C$7))/100) -> 1.8425532 | G18: =Table1[[#This Row],[AUD Cost]]/100 -> 1515.5 | H18: 0.8 | I18: 0.25 | J18: 0 | K18: 110 | L18: 2.5 | M18: None | N18: 1 | O18: 0 | P18: 2 | Q18: 2 | R18: Road | S18: 10 | T18: SEARCH=0.30,INJURED=0.05
B19: Fire | C19: AU Scania P320 Class 3 Pumper | D19: 164500 | E19: =Table1[[#This Row],[AUD Cost]]/1.75 -> 94000 | F19: =(Table1[[#This Row],[XML Cost]]/((Table1[[#This Row],[Speed]]*Weights!$C$2)+(Table1[[#This Row],[Armour]]*Weights!$C$3)+(Table1[[#This Row],[Water]]*Weights!$C$4)+(Table1[[#This Row],[Acceleration]]*Weights!$C$5)+(Table1[[#This Row],[Offroad Mod]]*Weights!$C$6)+(Table1[[#This Row],[T. Seats]]*Weights!$C$8)+(Table1[[#This Row],[P. Seats]]*Weights!$C$9)+(Table1[[#This Row],[Traffic Mod]]*Weights!$C$7))/100) -> 1.88 | G19: =Table1[[#This Row],[AUD Cost]]/100 -> 1645 | H19: 0.8 | I19: 0 | J19: 12 | K19: 110 | L19: 2 | M19: None | N19: 0.5 | O19: 0 | P19: 4 | Q19: 0 | R19: Road | S19: 0 | T19: FIRE=0.7, TALL=0.1
B20: Police | C20: AFP Toyota Land Cruiser 70S | D20: 173250 | E20: =Table1[[#This Row],[AUD Cost]]/1.75 -> 99000 | F20: =(Table1[[#This Row],[XML Cost]]/((Table1[[#This Row],[Speed]]*Weights!$C$2)+(Table1[[#This Row],[Armour]]*Weights!$C$3)+(Table1[[#This Row],[Water]]*Weights!$C$4)+(Table1[[#This Row],[Acceleration]]*Weights!$C$5)+(Table1[[#This Row],[Offroad Mod]]*Weights!$C$6)+(Table1[[#This Row],[T. Seats]]*Weights!$C$8)+(Table1[[#This Row],[P. Seats]]*Weights!$C$9)+(Table1[[#This Row],[Traffic Mod]]*Weights!$C$7))/100) -> 1.960396 | G20: =Table1[[#This Row],[AUD Cost]]/100 -> 1732.5 | H20: 0.8 | I20: 0.35 | J20: 0 | K20: 120 | L20: 3 | M20: None | N20: 1 | O20: 0 | P20: 2 | Q20: 2 | R20: Road | S20: 10 | T20: SEARCH=0.50,INJURED=0.1
B21: Police | C21: Stock Swat Truck | D21: 262500 | E21: =Table1[[#This Row],[AUD Cost]]/1.75 -> 150000 | F21: =(Table1[[#This Row],[XML Cost]]/((Table1[[#This Row],[Speed]]*Weights!$C$2)+(Table1[[#This Row],[Armour]]*Weights!$C$3)+(Table1[[#This Row],[Water]]*Weights!$C$4)+(Table1[[#This Row],[Acceleration]]*Weights!$C$5)+(Table1[[#This Row],[Offroad Mod]]*Weights!$C$6)+(Table1[[#This Row],[T. Seats]]*Weights!$C$8)+(Table1[[#This Row],[P. Seats]]*Weights!$C$9)+(Table1[[#This Row],[Traffic Mod]]*Weights!$C$7))/100) -> 2.2727273 | G21: =Table1[[#This Row],[AUD Cost]]/100 -> 2625 | H21: 1 | I21: 0.9 | J21: 0 | K21: 100 | L21: 4 | M21: None | N21: 0.25 | O21: 0 | P21: 4 | Q21: 4 | R21: Road | S21: 13
B22: Police | C22: AU TAS Bearcat | D22: 271250 | E22: =Table1[[#This Row],[AUD Cost]]/1.75 -> 155000 | F22: =(Table1[[#This Row],[XML Cost]]/((Table1[[#This Row],[Speed]]*Weights!$C$2)+(Table1[[#This Row],[Armour]]*Weights!$C$3)+(Table1[[#This Row],[Water]]*Weights!$C$4)+(Table1[[#This Row],[Acceleration]]*Weights!$C$5)+(Table1[[#This Row],[Offroad Mod]]*Weights!$C$6)+(Table1[[#This Row],[T. Seats]]*Weights!$C$8)+(Table1[[#This Row],[P. Seats]]*Weights!$C$9)+(Table1[[#This Row],[Traffic Mod]]*Weights!$C$7))/100) -> 2.3273273 | G22: =Table1[[#This Row],[AUD Cost]]/100 -> 2712.5 | H22: 0.8 | I22: 0.9 | J22: 0 | K22: 100 | L22: 4 | M22: None | N22: 0.4 | O22: 0 | P22: 4 | Q22: 4 | R22: Road | S22: 10
B23: Police | C23: Stock Police Helicopter | D23: 350000 | E23: =Table1[[#This Row],[AUD Cost]]/1.75 -> 200000 | F23: =(Table1[[#This Row],[XML Cost]]/((Table1[[#This Row],[Speed]]*Weights!$C$2)+(Table1[[#This Row],[Armour]]*Weights!$C$3)+(Table1[[#This Row],[Water]]*Weights!$C$4)+(Table1[[#This Row],[Acceleration]]*Weights!$C$5)+(Table1[[#This Row],[Offroad Mod]]*Weights!$C$6)+(Table1[[#This Row],[T. Seats]]*Weights!$C$8)+(Table1[[#This Row],[P. Seats]]*Weights!$C$9)+(Table1[[#This Row],[Traffic Mod]]*Weights!$C$7))/100) -> 2.6666667 | G23: =Table1[[#This Row],[AUD Cost]]/100 -> 3500 | H23: 1 | I23: 0.3 | J23: 0 | K23: 260 | L23: 10 | M23: Wind=15 | N23: 1 | O23: 0 | P23: 2 | Q23: 0 | R23: Air | S23: 0 | T23: SEARCH=1.00
B24: Medical | C24: AU SA Iveco SB50 Bus | D24: 225960 | E24: =Table1[[#This Row],[AUD Cost]]/1.75 -> 129120 | F24: =(Table1[[#This Row],[XML Cost]]/((Table1[[#This Row],[Speed]]*Weights!$C$2)+(Table1[[#This Row],[Armour]]*Weights!$C$3)+(Table1[[#This Row],[Water]]*Weights!$C$4)+(Table1[[#This Row],[Acceleration]]*Weights!$C$5)+(Table1[[#This Row],[Offroad Mod]]*Weights!$C$6)+(Table1[[#This Row],[T. Seats]]*Weights!$C$8)+(Table1[[#This Row],[P. Seats]]*Weights!$C$9)+(Table1[[#This Row],[Traffic Mod]]*Weights!$C$7))/100) -> 2.0080871 | G24: =Table1[[#This Row],[AUD Cost]]/100 -> 2259.6 | H24: 0.8 | I24: 0 | J24: 0 | K24: 100 | L24: 1.5 | M24: None | N24: 0.2 | O24: 0 | P24: 4 | Q24: 6 | R24: Road | S24: 0 | T24: INJURED=0.75
B25: Medical | C25: AU NSW SO Ops Commander | D25: 94500 | E25: =Table1[[#This Row],[AUD Cost]]/1.75 -> 54000 | F25: =(Table1[[#This Row],[XML Cost]]/((Table1[[#This Row],[Speed]]*Weights!$C$2)+(Table1[[#This Row],[Armour]]*Weights!$C$3)+(Table1[[#This Row],[Water]]*Weights!$C$4)+(Table1[[#This Row],[Acceleration]]*Weights!$C$5)+(Table1[[#This Row],[Offroad Mod]]*Weights!$C$6)+(Table1[[#This Row],[T. Seats]]*Weights!$C$8)+(Table1[[#This Row],[P. Seats]]*Weights!$C$9)+(Table1[[#This Row],[Traffic Mod]]*Weights!$C$7))/100) -> 1.125 | G25: =Table1[[#This Row],[AUD Cost]]/100 -> 945 | H25: 0.8 | I25: 0 | J25: 0 | K25: 180 | L25: 4 | M25: None | N25: 0.5 | O25: 0 | P25: 2 | Q25: 0 | R25: Road | S25: 0 | T25: SEARCH=0.50,INJURED=0.25
B26: Fire | C26: AU ACT Rosenbauer Hybrid-Electric | D26: 180000 | E26: =Table1[[#This Row],[AUD Cost]]/1.75 -> 102857.14 | F26: =(Table1[[#This Row],[XML Cost]]/((Table1[[#This Row],[Speed]]*Weights!$C$2)+(Table1[[#This Row],[Armour]]*Weights!$C$3)+(Table1[[#This Row],[Water]]*Weights!$C$4)+(Table1[[#This Row],[Acceleration]]*Weights!$C$5)+(Table1[[#This Row],[Offroad Mod]]*Weights!$C$6)+(Table1[[#This Row],[T. Seats]]*Weights!$C$8)+(Table1[[#This Row],[P. Seats]]*Weights!$C$9)+(Table1[[#This Row],[Traffic Mod]]*Weights!$C$7))/100) -> 1.9047619 | G26: =Table1[[#This Row],[AUD Cost]]/100 -> 1800 | H26: 0.8 | I26: 0 | J26: 15 | K26: 120 | L26: 3 | M26: None | N26: 0 | O26: 0 | P26: 4 | Q26: 0 | R26: Road | S26: 0 | T26: FIRE=0.5,TECH=0.25,INJURED=0.15
B27: Fire | C27: AU SA Tatra Force T815-7 | D27: 150000 | E27: =Table1[[#This Row],[AUD Cost]]/1.75 -> 85714.286 | F27: =(Table1[[#This Row],[XML Cost]]/((Table1[[#This Row],[Speed]]*Weights!$C$2)+(Table1[[#This Row],[Armour]]*Weights!$C$3)+(Table1[[#This Row],[Water]]*Weights!$C$4)+(Table1[[#This Row],[Acceleration]]*Weights!$C$5)+(Table1[[#This Row],[Offroad Mod]]*Weights!$C$6)+(Table1[[#This Row],[T. Seats]]*Weights!$C$8)+(Table1[[#This Row],[P. Seats]]*Weights!$C$9)+(Table1[[#This Row],[Traffic Mod]]*Weights!$C$7))/100) -> 2.0855057 | G27: =Table1[[#This Row],[AUD Cost]]/100 -> 1500 | H27: 0.8 | I27: 0 | J27: 6 | K27: 100 | L27: 2.5 | M27: None | N27: 0.9 | O27: 0 | P27: 3 | Q27: 0 | R27: Road | S27: 0 | T27: FIRE=0.5
E28: =Table1[[#This Row],[AUD Cost]]/1.75 -> 0 | F28: =(Table1[[#This Row],[XML Cost]]/((Table1[[#This Row],[Speed]]*Weights!$C$2)+(Table1[[#This Row],[Armour]]*Weights!$C$3)+(Table1[[#This Row],[Water]]*Weights!$C$4)+(Table1[[#This Row],[Acceleration]]*Weights!$C$5)+(Table1[[#This Row],[Offroad Mod]]*Weights!$C$6)+(Table1[[#This Row],[T. Seats]]*Weights!$C$8)+(Table1[[#This Row],[P. Seats]]*Weights!$C$9)+(Table1[[#This Row],[Traffic Mod]]*Weights!$C$7))/100) -> #DIV/0! | G28: =Table1[[#This Row],[AUD Cost]]/100 -> 0
E29: =Table1[[#This Row],[AUD Cost]]/1.75 -> 0 | F29: =(Table1[[#This Row],[XML Cost]]/((Table1[[#This Row],[Speed]]*Weights!$C$2)+(Table1[[#This Row],[Armour]]*Weights!$C$3)+(Table1[[#This Row],[Water]]*Weights!$C$4)+(Table1[[#This Row],[Acceleration]]*Weights!$C$5)+(Table1[[#This Row],[Offroad Mod]]*Weights!$C$6)+(Table1[[#This Row],[T. Seats]]*Weights!$C$8)+(Table1[[#This Row],[P. Seats]]*Weights!$C$9)+(Table1[[#This Row],[Traffic Mod]]*Weights!$C$7))/100) -> #DIV/0! | G29: =Table1[[#This Row],[AUD Cost]]/100 -> 0
E30: =Table1[[#This Row],[AUD Cost]]/1.75 -> 0 | F30: =(Table1[[#This Row],[XML Cost]]/((Table1[[#This Row],[Speed]]*Weights!$C$2)+(Table1[[#This Row],[Armour]]*Weights!$C$3)+(Table1[[#This Row],[Water]]*Weights!$C$4)+(Table1[[#This Row],[Acceleration]]*Weights!$C$5)+(Table1[[#This Row],[Offroad Mod]]*Weights!$C$6)+(Table1[[#This Row],[T. Seats]]*Weights!$C$8)+(Table1[[#This Row],[P. Seats]]*Weights!$C$9)+(Table1[[#This Row],[Traffic Mod]]*Weights!$C$7))/100) -> #DIV/0! | G30: =Table1[[#This Row],[AUD Cost]]/100 -> 0
E31: =Table1[[#This Row],[AUD Cost]]/1.75 -> 0 | F31: =(Table1[[#This Row],[XML Cost]]/((Table1[[#This Row],[Speed]]*Weights!$C$2)+(Table1[[#This Row],[Armour]]*Weights!$C$3)+(Table1[[#This Row],[Water]]*Weights!$C$4)+(Table1[[#This Row],[Acceleration]]*Weights!$C$5)+(Table1[[#This Row],[Offroad Mod]]*Weights!$C$6)+(Table1[[#This Row],[T. Seats]]*Weights!$C$8)+(Table1[[#This Row],[P. Seats]]*Weights!$C$9)+(Table1[[#This Row],[Traffic Mod]]*Weights!$C$7))/100) -> #DIV/0! | G31: =Table1[[#This Row],[AUD Cost]]/100 -> 0
E32: =Table1[[#This Row],[AUD Cost]]/1.75 -> 0 | F32: =(Table1[[#This Row],[XML Cost]]/((Table1[[#This Row],[Speed]]*Weights!$C$2)+(Table1[[#This Row],[Armour]]*Weights!$C$3)+(Table1[[#This Row],[Water]]*Weights!$C$4)+(Table1[[#This Row],[Acceleration]]*Weights!$C$5)+(Table1[[#This Row],[Offroad Mod]]*Weights!$C$6)+(Table1[[#This Row],[T. Seats]]*Weights!$C$8)+(Table1[[#This Row],[P. Seats]]*Weights!$C$9)+(Table1[[#This Row],[Traffic Mod]]*Weights!$C$7))/100) -> #DIV/0! | G32: =Table1[[#This Row],[AUD Cost]]/100 -> 0
E33: =Table1[[#This Row],[AUD Cost]]/1.75 -> 0 | F33: =(Table1[[#This Row],[XML Cost]]/((Table1[[#This Row],[Speed]]*Weights!$C$2)+(Table1[[#This Row],[Armour]]*Weights!$C$3)+(Table1[[#This Row],[Water]]*Weights!$C$4)+(Table1[[#This Row],[Acceleration]]*Weights!$C$5)+(Table1[[#This Row],[Offroad Mod]]*Weights!$C$6)+(Table1[[#This Row],[T. Seats]]*Weights!$C$8)+(Table1[[#This Row],[P. Seats]]*Weights!$C$9)+(Table1[[#This Row],[Traffic Mod]]*Weights!$C$7))/100) -> #DIV/0! | G33: =Table1[[#This Row],[AUD Cost]]/100 -> 0
E34: =Table1[[#This Row],[AUD Cost]]/1.75 -> 0 | F34: =(Table1[[#This Row],[XML Cost]]/((Table1[[#This Row],[Speed]]*Weights!$C$2)+(Table1[[#This Row],[Armour]]*Weights!$C$3)+(Table1[[#This Row],[Water]]*Weights!$C$4)+(Table1[[#This Row],[Acceleration]]*Weights!$C$5)+(Table1[[#This Row],[Offroad Mod]]*Weights!$C$6)+(Table1[[#This Row],[T. Seats]]*Weights!$C$8)+(Table1[[#This Row],[P. Seats]]*Weights!$C$9)+(Table1[[#This Row],[Traffic Mod]]*Weights!$C$7))/100) -> #DIV/0! | G34: =Table1[[#This Row],[AUD Cost]]/100 -> 0
E35: =Table1[[#This Row],[AUD Cost]]/1.75 -> 0 | F35: =(Table1[[#This Row],[XML Cost]]/((Table1[[#This Row],[Speed]]*Weights!$C$2)+(Table1[[#This Row],[Armour]]*Weights!$C$3)+(Table1[[#This Row],[Water]]*Weights!$C$4)+(Table1[[#This Row],[Acceleration]]*Weights!$C$5)+(Table1[[#This Row],[Offroad Mod]]*Weights!$C$6)+(Table1[[#This Row],[T. Seats]]*Weights!$C$8)+(Table1[[#This Row],[P. Seats]]*Weights!$C$9)+(Table1[[#This Row],[Traffic Mod]]*Weights!$C$7))/100) -> #DIV/0! | G35: =Table1[[#This Row],[AUD Cost]]/100 -> 0
E36: =Table1[[#This Row],[AUD Cost]]/1.75 -> 0 | F36: =(Table1[[#This Row],[XML Cost]]/((Table1[[#This Row],[Speed]]*Weights!$C$2)+(Table1[[#This Row],[Armour]]*Weights!$C$3)+(Table1[[#This Row],[Water]]*Weights!$C$4)+(Table1[[#This Row],[Acceleration]]*Weights!$C$5)+(Table1[[#This Row],[Offroad Mod]]*Weights!$C$6)+(Table1[[#This Row],[T. Seats]]*Weights!$C$8)+(Table1[[#This Row],[P. Seats]]*Weights!$C$9)+(Table1[[#This Row],[Traffic Mod]]*Weights!$C$7))/100) -> #DIV/0! | G36: =Table1[[#This Row],[AUD Cost]]/100 -> 0
E37: =Table1[[#This Row],[AUD Cost]]/1.75 -> 0 | F37: =(Table1[[#This Row],[XML Cost]]/((Table1[[#This Row],[Speed]]*Weights!$C$2)+(Table1[[#This Row],[Armour]]*Weights!$C$3)+(Table1[[#This Row],[Water]]*Weights!$C$4)+(Table1[[#This Row],[Acceleration]]*Weights!$C$5)+(Table1[[#This Row],[Offroad Mod]]*Weights!$C$6)+(Table1[[#This Row],[T. Seats]]*Weights!$C$8)+(Table1[[#This Row],[P. Seats]]*Weights!$C$9)+(Table1[[#This Row],[Traffic Mod]]*Weights!$C$7))/100) -> #DIV/0! | G37: =Table1[[#This Row],[AUD Cost]]/100 -> 0
E38: =Table1[[#This Row],[AUD Cost]]/1.75 -> 0 | F38: =(Table1[[#This Row],[XML Cost]]/((Table1[[#This Row],[Speed]]*Weights!$C$2)+(Table1[[#This Row],[Armour]]*Weights!$C$3)+(Table1[[#This Row],[Water]]*Weights!$C$4)+(Table1[[#This Row],[Acceleration]]*Weights!$C$5)+(Table1[[#This Row],[Offroad Mod]]*Weights!$C$6)+(Table1[[#This Row],[T. Seats]]*Weights!$C$8)+(Table1[[#This Row],[P. Seats]]*Weights!$C$9)+(Table1[[#This Row],[Traffic Mod]]*Weights!$C$7))/100) -> #DIV/0! | G38: =Table1[[#This Row],[AUD Cost]]/100 -> 0
E39: =Table1[[#This Row],[AUD Cost]]/1.75 -> 0 | F39: =(Table1[[#This Row],[XML Cost]]/((Table1[[#This Row],[Speed]]*Weights!$C$2)+(Table1[[#This Row],[Armour]]*Weights!$C$3)+(Table1[[#This Row],[Water]]*Weights!$C$4)+(Table1[[#This Row],[Acceleration]]*Weights!$C$5)+(Table1[[#This Row],[Offroad Mod]]*Weights!$C$6)+(Table1[[#This Row],[T. Seats]]*Weights!$C$8)+(Table1[[#This Row],[P. Seats]]*Weights!$C$9)+(Table1[[#This Row],[Traffic Mod]]*Weights!$C$7))/100) -> #DIV/0! | G39: =Table1[[#This Row],[AUD Cost]]/100 -> 0

Sheet Weights
B2: Speed | C2: 2
B3: Armour | C3: 100
B4: Water Cap | C4: 10
B5: Acceleration | C5: 10
B6: Offroad Mod | C6: 40
B7: Traffic Mod | C7: 10
B8: T. Seats | C8: 30
B9: P. Seats | C9: 50

Sheet Sheet1
B2: Bonuses
B3: SEARCH,
B4: INJURED
B5: FIRE
B6: TECH
B7: TALL
B8: DYING
B9: STUN
